policy,budget_pct,n_targeted,incremental_outcome_rate,standard_error_rate,ci_lower_rate,ci_upper_rate,incremental_outcome,ci_lower,ci_upper,benchmark_relative_auuc,difference_vs_response,difference_ci_lower,difference_ci_upper
t_learner,5.0,8000,0.001325571201140004,0.00028141971887087844,0.0007739986876136953,0.0018771437146663126,212.09139218240063,123.83979001819125,300.34299434661,0.008278566611747253,8.69365690513666,-72.45058004832408,89.83789385859741
s_learner,5.0,8000,0.0012928550348501472,0.000274989737115694,0.0007538850539852497,0.0018318250157150448,206.85680557602353,120.62160863763995,293.09200251440717,0.00859696219774639,3.4590702987595776,-89.43871380130452,96.35685439882366
cvt,5.0,8000,0.0013522832600548309,0.00024315648922762894,0.0008757052985614766,0.0018288612215481852,216.36532160877294,140.11284776983626,292.6177954477096,0.007862506666179514,12.967586331508985,-96.2143007347737,122.14947339779167
dr_learner,5.0,8000,0.0011848936774529043,0.00026682402464416814,0.000661928198940307,0.0017078591559655017,189.5829883924647,105.90851183044913,273.25746495448027,0.00868566431223078,-13.814746884799277,-108.06226775849238,80.43277398889381
r_learner,5.0,8000,0.0010889900709113948,0.00026532734813555444,0.0005689580244521875,0.001609022117370602,174.23841134582315,91.03328391235,257.4435387792963,0.008855385583815862,-29.159323931440788,-124.9479458287216,66.62929796584001
transformed_outcome,5.0,8000,0.0011345318707859321,0.0002553219252890344,0.0006341100927559984,0.0016349536488158658,181.52509932574912,101.45761484095975,261.59258381053854,0.009695663511621563,-21.872635951514834,-134.7762506156058,91.0309787125761
x_learner,5.0,8000,0.0008940854847843328,0.00026995814312242065,0.00036497724693107915,0.0014231937226375864,143.05367756549325,58.396359508972665,227.71099562201383,0.008601379885757416,-60.34405771177071,-151.69273150563544,31.004616082094028
random_targeting,5.0,8000,0.0005897970174851832,0.0002559490886751584,8.814602180602421e-05,0.001091448013164342,94.3675227976293,14.103363488963874,174.63168210629473,0.00741426326040113,-109.03021247963463,-227.2312073397523,9.17078238048305
response_model,5.0,8000,0.0012712358454828997,0.00029122086923383744,0.0007004534302381298,0.0018420182607276697,203.39773527726396,112.07254883810077,294.72292171642715,0.008396232022820386,,,
